EosIds, UplandUserNames
xcx4hcrqhp4u, nijattin
jocfkmzmmick, None
ltuzzcg5yqal, None
gjbqzmqdts5j, None
jsroktiryqqu, None
av5nb5pv4ehw, None
klaorrqhnonc, None
kvtpi4gtr2yr, None
eg2z3pbumtcj, None
v4w5h3w2wevi, None
aeujs32v32m3, None
d5zlpvh1n45x, None
atasxn2kbxjd, None
uxkdppcbkmwa, viktorvav99
m1k3jq4qc2fd, None
bjaeue3zdvfv, None
jelk12hspmsb, None
bmhh23j3asqg, None
a35qhqbahlpv, None
koivhtwp2uww, None
ybfigvgbkgnu, sourddough
jtltkpuydmby, None
gnzivqu32hmf, cheesey420
n53wofwdnghd, bmanfu
f5o1jnfrp3n1, weezypain
sdxrhlbmonhu, None
dmbb4shorvre, None
x4dzosbaigku, None
lseaszyufygi, bananobat
tdhaip2zenpa, None
eg1pq2ds5ade, None
qj2ffyxfcawf, None
ngcm2zhkfdax, None
hrdyudrciob3, None
bvmssuilqvnr, None
fe5mozdcwxhp, None
ov2eqv1ltdi1, None
suv2p2s2rgtz, None
hduwjeip1lpt, None
sdfnpjskzgg3, None
mt55oanqosg4, None
blxedt54mdoy, terranlore
nymyimml3k1n, None
b1hjb3d41bez, None
yblcem5sja2b, None
lt3ee5gxdsgq, None
jhwj2xpxp3of, None
chkhlswvpwmq, None
grtf35ryuq2a, None
qibeghnb332z, None
lhef5tqeup5y, None
lyoxao4eq3e1, None
rmh2ikwpmt14, None
cndsqcwn21pc, kevinluxury
b2pwoxcxf4id, None
ydr1uodenm15, anataliocs
ge2nsaruwjgs, None
xlsgw4qjmdgd, None
dz3f2vi2phvg, None
pcixdedsmd4y, None
pmixp24cyddq, None
xkhnwh5fuhlt, None
qkpjx5paiomy, None
rbivytjdmszq, None
mevbribf2eqh, None
fc142zvsv3dk, None
iwxrgs2xhzpf, xxxyoxxx
yuaqydyoj5js, None
i4zju3ocrzgy, None
n33v2bryd35p, None
vujcscvdc1ks, None
manybg1sg35i, None
adgwxzejacip, None
ybcgselaxorj, None
dcwfezwk4cap, None
lfaxv5k3a2jg, None
uwxsedvm1xxb, None
hiwkxfujuizd, None
dvt3o3d4fdfr, jadedpriest
er4y3v5ffmdc, None
yszwr34bs4uw, None
ykho2rpjjuab, None
ys34jppnzwhc, None
o1m12smwkrq4, None
scvx4rr1c24i, None
b5ricy1drxpq, None
dhvhrnu35jee, None
yk1rxdpssev3, xaoc777
ltdh2xa4m3jl, None
dbmmlfj5pbra, None
ksacv1ivlhmm, None
wo1ohfq5wxhs, None
ei4mkqjwagph, None
avznuea5rwnq, None
ohdirhcuoqm2, None
uea3vpteyekt, None
zb5tzyi3yuzt, None
cnst2lqxhprz, None
qkvk33n2pukg, None
bx4bgvbk24pd, None
ts51xtu123dt, None
zjt1xohk2yc4, None
h52y3ohaudjj, None
aeuklvuwhmpv, elmairy
cpu4eouqs1p4, None
chzjwjr5vflg, None
vzhuvpo3xyge, None
nfsyeqtk3w4m, None
e22v2c2psj5p, None
qydzxz4ruc5g, None
xn1svvdlpjnk, None
lww13a55e1hv, None
b1y3zmkr43s3, None
o3l5nll1tqyj, None
pdpy3brkosdf, None
nkux3ndto5ic, None
vjcnzwd2u35m, None
vfpsr34z2w1d, None
dck3hwuta1zy, None
utit2zro13e3, None
cf5yle4bux35, None
yek3vdy2ybcd, None
g5b3fqaqujnb, None
hpwfkfqwjdco, None
jhp2bufz4cx3, None
jxgnecvg1gdl, gd1906
ctgfvlkp2cco, None
lbanihjhdt2s, None
kqdxpyehigqt, None
tmfjvn1nqny1, None
ng1zefoc3k4p, None
wq3rycyzpwzc, None
hllonjgu1zyv, None
csrouioml4ra, None
dqndbtsuw4ie, None
fh54cp2psjkr, None
xgzunj2ynjsu, juboco
wnvyepz43mss, None
xbyqcly1dzd3, None
pcksgmf3ynd1, 0xhash
n3dgpk1so1iu, None
l3vobk2cx3jv, None
sgqz4btyel2k, None
detakdakbtrm, None
srkahqgu5gh4, None
fy2oodns2oda, None
dco5aljh3gmq, None
ftv2couei5eu, None
ruckwz4mcsdh, None
btjgmb41dhcr, None
dgphd44vjwf3, None
jv1ja3wg1hdy, None
ry1nwbz1r34t, None
bii4axrai412, None
upcvjtzicdfr, None
esw2scfel2fx, None
jgctzdrhj5qm, None
bfmk54zhqcra, None
ules4aasa5lg, None
vx5dy5s4o55t, None
qp2dsg3kpzcw, None
rla1kcg2bie5, None
duscbrkhyyx5, None
jyj54mzaolx2, None
y5qtrqve3m2g, None
yqamibsvxtdt, None
noy4khdlo4gw, None
eqxgxl5gqalt, None
n2i5n1vk14fn, None
u4j3i2cux22r, None
wwfrv3scoyt4, None
ccq4ysfigro5, None
d2xqkl4imdhw, em777
hwnb1q1ssvqx, None
gpemncsiggcd, None
myzgr2mtvutm, None
go4brwh5yiwk, None
xkwljxinyphs, None
q4ydat2lfdcp, None
trkwxzi1hlyp, abbienormal
bv4mmh5ufw3s, None
